sku	nombre	archivo	url
6910002030	Blanco Brillante 20&#215;30 New	raw/revex/oct2026/productos/6910002030_0.jpg	https://www.gruporevex.cl/wp-content/uploads/2025/10/6910002030-1.jpg
6910002030	Blanco Brillante 20&#215;30 New	raw/revex/oct2026/productos/6910002030_1.jpg	https://www.gruporevex.cl/wp-content/uploads/2025/10/6910002030-2.jpg
6910002540	Blanco Brillante 25&#215;40	raw/revex/oct2026/productos/6910002540_0.jpg	https://www.gruporevex.cl/wp-content/uploads/2025/10/6910002540-1.jpg
6910002540	Blanco Brillante 25&#215;40	raw/revex/oct2026/productos/6910002540_1.jpg	https://www.gruporevex.cl/wp-content/uploads/2025/10/6910002540-2.jpg
6910003060	Blanco Brillante 30X60 New	raw/revex/oct2026/productos/6910003060_0.jpg	https://www.gruporevex.cl/wp-content/uploads/2025/10/6910003060-1.jpg
6910003060	Blanco Brillante 30X60 New	raw/revex/oct2026/productos/6910003060_1.jpg	https://www.gruporevex.cl/wp-content/uploads/2025/10/6910003060-2.jpg
6910102540	Blanco Mate 25&#215;40	raw/revex/oct2026/productos/6910102540_0.jpg	https://www.gruporevex.cl/wp-content/uploads/2025/10/6910102540-1.jpg
6910102540	Blanco Mate 25&#215;40	raw/revex/oct2026/productos/6910102540_1.jpg	https://www.gruporevex.cl/wp-content/uploads/2025/10/6910102540-2.jpg
6910103060	Blanco Mate 30&#215;60 New	raw/revex/oct2026/productos/6910103060_0.jpg	https://www.gruporevex.cl/wp-content/uploads/2025/10/6910103060-1.jpg
6910103060	Blanco Mate 30&#215;60 New	raw/revex/oct2026/productos/6910103060_1.jpg	https://www.gruporevex.cl/wp-content/uploads/2025/10/6910103060-2.jpg
6351001020	Brick Blanco Brillo 10&#215;20	raw/revex/oct2026/productos/6351001020_0.jpg	https://www.gruporevex.cl/wp-content/uploads/2025/09/6351001020-1.jpg
6351001020	Brick Blanco Brillo 10&#215;20	raw/revex/oct2026/productos/6351001020_1.jpg	https://www.gruporevex.cl/wp-content/uploads/2025/09/6351001020-2.jpg
6355175250	Brick Blanco Br 7,5&#215;25	raw/revex/oct2026/productos/6355175250_0.jpg	https://www.gruporevex.cl/wp-content/uploads/2025/09/6355175250-1.jpg
6355175250	Brick Blanco Br 7,5&#215;25	raw/revex/oct2026/productos/6355175250_1.jpg	https://www.gruporevex.cl/wp-content/uploads/2025/09/6355175250-2.jpg
6962003060	Keraz Marmo Ocean Vein 30X60	raw/revex/oct2026/productos/6962003060_0.jpg	https://www.gruporevex.cl/wp-content/uploads/2026/09/6962003060-1.jpg
6962003060	Keraz Marmo Ocean Vein 30X60	raw/revex/oct2026/productos/6962003060_1.jpg	https://www.gruporevex.cl/wp-content/uploads/2026/09/6962003060-2.jpg
6962003060	Keraz Marmo Ocean Vein 30X60	raw/revex/oct2026/productos/6962003060_2.jpg	https://www.gruporevex.cl/wp-content/uploads/2026/09/6962003060-3.jpg
6954003060	Keraz Antique Grey 30&#215;60	raw/revex/oct2026/productos/6954003060_0.jpg	https://www.gruporevex.cl/wp-content/uploads/2025/09/6954003060-1.jpg
6954003060	Keraz Antique Grey 30&#215;60	raw/revex/oct2026/productos/6954003060_1.jpg	https://www.gruporevex.cl/wp-content/uploads/2025/09/6954003060-2.jpg
6957003060	Keraz Marmo Grey 30&#215;60	raw/revex/oct2026/productos/6957003060_0.jpg	https://www.gruporevex.cl/wp-content/uploads/2025/09/6957003060-1.jpg
6957003060	Keraz Marmo Grey 30&#215;60	raw/revex/oct2026/productos/6957003060_1.jpg	https://www.gruporevex.cl/wp-content/uploads/2025/09/6957003060-2.jpg
6958003060	Keraz Marmo Rombo 30&#215;60	raw/revex/oct2026/productos/6958003060_0.jpg	https://www.gruporevex.cl/wp-content/uploads/2025/09/6958003060-1.jpg
6958003060	Keraz Marmo Rombo 30&#215;60	raw/revex/oct2026/productos/6958003060_1.jpg	https://www.gruporevex.cl/wp-content/uploads/2025/09/6958003060-2.jpg
6963003060	Keraz Calacatta Gold 30X60	raw/revex/oct2026/productos/6963003060_0.jpg	https://www.gruporevex.cl/wp-content/uploads/2026/09/6963003060-1.jpg
6963003060	Keraz Calacatta Gold 30X60	raw/revex/oct2026/productos/6963003060_1.jpg	https://www.gruporevex.cl/wp-content/uploads/2026/09/6963003060-3.jpg
6963003060	Keraz Calacatta Gold 30X60	raw/revex/oct2026/productos/6963003060_2.jpg	https://www.gruporevex.cl/wp-content/uploads/2026/09/6963003060-2.jpg
7411006060	Urban Pearl Nat 60&#215;60	raw/revex/oct2026/productos/7411006060_0.jpg	https://www.gruporevex.cl/wp-content/uploads/2025/09/7411006060-1.jpg
74110060120	Urban Pearl Nat 60&#215;120	raw/revex/oct2026/productos/74110060120_0.jpg	https://www.gruporevex.cl/wp-content/uploads/2025/09/74110060120-2.jpg
74110060120	Urban Pearl Nat 60&#215;120	raw/revex/oct2026/productos/74110060120_1.jpg	https://www.gruporevex.cl/wp-content/uploads/2025/09/74110060120-3.jpg
74110060120	Urban Pearl Nat 60&#215;120	raw/revex/oct2026/productos/74110060120_2.jpg	https://www.gruporevex.cl/wp-content/uploads/2025/09/74110060120-21.jpg
7412006060	Urban Light Grey Nat 60&#215;60	raw/revex/oct2026/productos/7412006060_0.jpg	https://www.gruporevex.cl/wp-content/uploads/2025/09/7412006060-1.jpg
7412006060	Urban Light Grey Nat 60&#215;60	raw/revex/oct2026/productos/7412006060_1.jpg	https://www.gruporevex.cl/wp-content/uploads/2025/09/7412006060-2.jpg
74120060120	Urban Light Grey Nat 60&#215;120	raw/revex/oct2026/productos/74120060120_0.jpg	https://www.gruporevex.cl/wp-content/uploads/2025/09/74120060120-1.jpg
74120060120	Urban Light Grey Nat 60&#215;120	raw/revex/oct2026/productos/74120060120_1.jpg	https://www.gruporevex.cl/wp-content/uploads/2025/09/74120060120-3.jpg
74120060120	Urban Light Grey Nat 60&#215;120	raw/revex/oct2026/productos/74120060120_2.jpg	https://www.gruporevex.cl/wp-content/uploads/2025/09/74120060120-2.jpg
7413006060	Urban Anthracite Nat 60&#215;60	raw/revex/oct2026/productos/7413006060_0.jpg	https://www.gruporevex.cl/wp-content/uploads/2025/09/7413006060-1.jpg
7413006060	Urban Anthracite Nat 60&#215;60	raw/revex/oct2026/productos/7413006060_1.jpg	https://www.gruporevex.cl/wp-content/uploads/2025/09/7413006060-2.jpg
74130060120	Urban Anthracite Nat 60&#215;120	raw/revex/oct2026/productos/74130060120_0.jpg	https://www.gruporevex.cl/wp-content/uploads/2025/09/74130060120-1.jpg
74130060120	Urban Anthracite Nat 60&#215;120	raw/revex/oct2026/productos/74130060120_1.jpg	https://www.gruporevex.cl/wp-content/uploads/2025/09/74130060120-3.jpg
74130060120	Urban Anthracite Nat 60&#215;120	raw/revex/oct2026/productos/74130060120_2.jpg	https://www.gruporevex.cl/wp-content/uploads/2025/09/74130060120-2.jpg
5690020092	Alf. Santana Gris Perla 4mt	raw/revex/oct2026/productos/5690020092_0.jpg	https://www.gruporevex.cl/wp-content/uploads/2026/02/5690020092-1.jpg
5690040063	Alfombra Salamanca Arena 4mt	raw/revex/oct2026/productos/5690040063_0.jpg	https://www.gruporevex.cl/wp-content/uploads/2025/10/5690040063-1.jpg
5690040063	Alfombra Salamanca Arena 4mt	raw/revex/oct2026/productos/5690040063_1.jpg	https://www.gruporevex.cl/wp-content/uploads/2025/10/5690040063-3.jpg
5690040063	Alfombra Salamanca Arena 4mt	raw/revex/oct2026/productos/5690040063_2.jpg	https://www.gruporevex.cl/wp-content/uploads/2025/10/5690040063-2.jpg
5690066600	Alf. Bruselas 660 Lino 4mt	raw/revex/oct2026/productos/5690066600_0.jpg	https://www.gruporevex.cl/wp-content/uploads/2026/02/5690066600-1.jpg
5690067000	Alf. Bruselas 700 Castaña 4mt	raw/revex/oct2026/productos/5690067000_0.jpg	https://www.gruporevex.cl/wp-content/uploads/2026/02/5690067000-1.jpg
5698209037	Alfombra Nature Rainbow Tivoli	raw/revex/oct2026/productos/5698209037_0.jpg	https://www.gruporevex.cl/wp-content/uploads/2025/09/5698209037-1.jpg
5698209073	Alfombra Nature Rainbow Trieste	raw/revex/oct2026/productos/5698209073_0.jpg	https://www.gruporevex.cl/wp-content/uploads/2025/09/5698209073-1.jpg
5698209084	Alfombra Nature Rainbow Treviso	raw/revex/oct2026/productos/5698209084_0.jpg	https://www.gruporevex.cl/wp-content/uploads/2025/09/5698209084-1.jpg
5903607305	SPC Gravity Roble Arena	raw/revex/oct2026/productos/5903607305_0.jpg	https://www.gruporevex.cl/wp-content/uploads/2025/09/5903607305-1.jpg
5903607305	SPC Gravity Roble Arena	raw/revex/oct2026/productos/5903607305_1.jpg	https://www.gruporevex.cl/wp-content/uploads/2025/09/5903607305-2.jpg
5903607308	SPC Gravity Roble Titanio	raw/revex/oct2026/productos/5903607308_0.jpg	https://www.gruporevex.cl/wp-content/uploads/2025/09/5903607308-1.jpg
5903607311	SPC Gravity Roble Natural	raw/revex/oct2026/productos/5903607311_0.jpg	https://www.gruporevex.cl/wp-content/uploads/2025/09/5903607311-1.jpg
