archivo	drive_id	mime	modificado
# Jenny Campos (jcampos@gruporevex.cl), carpeta «AGENCIA » 1RfSf8kOi5f9hLmL2TJQAWssQGqqIB4JB, 30-09-2026
BLANCO BRILLO 15X15 CR.png	1r3Ype0iurj4EyVoKkmQNbGZX2cUdf8lD	image/png	2026-09-30T18:21:44.871Z
BRICK BLANCO MT 7,5x25 CR.png	12YmEeRVIus1TswOkQsf-k1QdPhKRk3Tr	image/png	2026-09-30T18:10:22.000Z
Urban Anthracite Nat 60x60.png	1CeMkqsJE-WZvSqCX-0e7mm9FdNvGing3	image/png	2026-09-30T17:45:50.041Z
URBAN PEARL NAT 60x120.png	1GNKev1TT-ik7nVlrpPUp33T3Id7I7uTL	image/png	2026-09-30T17:44:57.208Z
KERAZ MARMO GREY.jpg	1_icXWVGt8U6boTyLR-MT5TjA5LeNTnG5	image/jpeg	2026-09-30T17:39:36.091Z
KERAZ ANTIQUE GREY.png	1qxatzoiiDp57pbTmDqnEiUPNNdAD0EvP	image/png	2026-09-30T17:39:25.557Z
KERAZ MARMO OCEAN VEIN.png	1U8NPYokofND8AvTvrqdg_8VNrqIrTvZA	image/png	2026-09-30T17:39:11.188Z
SPC GRAVITY ARENA.png	1TeCgmEh1FaVo37xkYs11ankjck6ngaTo	image/png	2026-09-30T12:18:45.000Z
SPC GRAVITY NATURAL.png	12AP97ZNpxllIXduGVyTxLvuSjbA3YsL_	image/png	2026-09-30T12:12:35.000Z
SPC GRAVITY TITANIO.png	1F8t-O_YSf885FyS7Zp5BbstCz3iW2Ur8	image/png	2026-09-30T12:06:33.000Z
BISELADO BLANCO BRILLO.png	1WZq8AuzFPLA-lwzizOfBr5ENz_B7uE_d	image/png	2026-09-29T18:40:06.000Z
Adoquines.png	1cq91KyYpZlQZgBO8aiKvM5W6eypK64k6	image/png	2026-09-29T18:21:36.000Z
ALFOMBRA DIMENSIONADAS A PEDIDO 2.jpg	1GgkRFLEjfOTU9xr56hFwcNDi84xgKg5H	image/jpeg	2026-09-29T07:19:56.000Z
URBAN LIGHT GREY NAT 30x60 VT.png	1vHptw0oSjNJjmJSfWmjTe2cGOQjh2QeT	image/png	2026-09-28T15:46:22.000Z
Urban Light Grey Nat 60x60.png	1PFYJYdkMgm4SDEw62GDd-y_r5qqwMA9M	image/png	2026-09-28T14:56:52.000Z
Urban Pearl Nat 60x60.png	1NpzAd2FhgdqU3ss8ypUnTlVaIsjOSxmB	image/png	2026-09-28T14:53:42.000Z
ALFOMBRA DIMENSIONADAS A PEDIDO.jpg	1eyOfphYnptJoEYWl3-pDSVPbqKHZdafL	image/jpeg	2026-09-28T14:46:32.000Z
ALFOMBRA DIMENSIONADA EN STOCK.webp	1K2cC0ygdmgv2B-jvGNlFHdPm4hKWv3dC	image/webp	2026-09-28T14:45:22.000Z
